admin_id,email_address,phone_number,first_name,last_name
63,hgarrod0@nsw.gov.au,271-722-4526,Heloise,Garrod
58,rerskine1@columbia.edu,999-984-1235,Ruby,Erskine
13,kgoldsby2@pbs.org,381-936-1810,Kesley,Goldsby
14,rmcvanamy3@smh.com.au,880-349-4079,Raine,McVanamy
60,mnorthen4@mozilla.com,815-217-5094,Malinde,Northen
7,kosmon5@wordpress.com,853-326-8607,Kat,Osmon
48,hbellas6@ibm.com,192-656-8316,Hyacinth,Bellas
3,gharriott7@friendfeed.com,861-454-1562,Gilemette,Harriott
24,tlindenfeld8@example.com,474-438-2409,Timothea,Lindenfeld
6,tmcrorie9@livejournal.com,207-349-5012,Thalia,McRorie
14,rdudeniea@rediff.com,284-237-3716,Ruthy,Dudenie
10,rlapishb@nymag.com,200-935-0539,Retha,Lapish
68,gjeunec@springer.com,229-427-3945,Grethel,Jeune
49,smakind@arstechnica.com,908-708-3264,Salomon,Makin
84,fpeirpointe@theatlantic.com,109-986-2027,Frank,Peirpoint
6,ddymondf@sfgate.com,115-748-5999,Douglass,Dymond
14,bmacgahyg@examiner.com,973-997-8878,Blanca,MacGahy
73,tbaintonh@friendfeed.com,507-314-7405,Tobey,Bainton
2,psticklesi@issuu.com,163-547-0467,Patti,Stickles
33,csimeonej@github.com,929-937-4521,Clementina,Simeone
37,soultramk@yale.edu,570-975-6493,Sindee,Oultram
82,jstoadel@bigcartel.com,561-988-0917,Johanna,Stoade
73,fdodimeadm@sina.com.cn,268-358-2846,Franciska,Dodimead
99,rjollandn@sciencedirect.com,267-862-2844,Rickey,Jolland
80,jsemkeno@google.it,178-865-1635,Joly,Semken
82,afleetp@taobao.com,531-473-9323,Augusta,Fleet
21,cduggonq@cdbaby.com,962-694-1404,Camala,Duggon
1,crufflesr@w3.org,462-766-6663,Clerc,Ruffles
90,jwynetts@issuu.com,826-475-3492,Jamesy,Wynett
58,tdonativot@columbia.edu,107-840-4408,Thea,Donativo
96,ofennicku@businessinsider.com,665-952-5282,Obed,Fennick
2,aeveringhamv@arstechnica.com,808-996-4897,Ania,Everingham
5,hchattellw@oaic.gov.au,534-209-2628,Harriott,Chattell
30,bfulcherx@booking.com,740-106-7386,Benedikta,Fulcher
43,nscriveny@ow.ly,314-568-0141,Nichols,Scriven
42,bgoffordz@howstuffworks.com,383-121-1124,Biddie,Gofford
70,erawle10@usa.gov,399-739-5512,Everett,Rawle
69,ltassell11@reddit.com,498-713-6706,Lemmie,Tassell
28,arickaert12@google.com,148-873-8069,Adara,Rickaert
17,sderoos13@de.vu,950-846-8695,Sheba,De Roos
98,bbuddles14@weibo.com,474-221-2625,Berty,Buddles
57,ptuffell15@privacy.gov.au,380-765-7744,Pollyanna,Tuffell
88,emaccambridge16@wix.com,724-955-2218,Ernest,MacCambridge
30,jlevene17@ocn.ne.jp,276-490-4051,Jerome,Levene
92,cshewry18@ted.com,336-184-5442,Caryl,Shewry
15,epostlewhite19@pbs.org,425-104-3768,Elisha,Postlewhite
8,cpatching1a@wunderground.com,131-501-4338,Chloette,Patching
38,tcraigmile1b@seattletimes.com,931-657-2248,Torey,Craigmile
64,icordeiro1c@fda.gov,189-195-1621,Iris,Cordeiro
54,pmallock1d@homestead.com,667-480-4801,Pen,Mallock
40,rdalessandro1e@guardian.co.uk,494-654-4747,Rhianna,D'Alessandro
68,mmottram1f@usgs.gov,273-914-3570,Melonie,Mottram
27,ebeeze1g@linkedin.com,709-424-4876,Erskine,Beeze
48,dkroch1h@marriott.com,365-255-5722,Darsey,Kroch
60,dcurreen1i@netvibes.com,712-490-1829,Danielle,Curreen
58,krolinson1j@cdc.gov,721-865-8509,Kenon,Rolinson
15,amacken1k@dmoz.org,573-158-5754,Abbe,Macken
40,bchidgey1l@sciencedirect.com,630-981-1721,Brnaby,Chidgey
90,mbisacre1m@springer.com,767-637-4582,Mariska,Bisacre
84,kpechell1n@google.ru,606-504-9682,Kathryne,Pechell
16,rcorbin1o@amazon.co.uk,635-956-4538,Red,Corbin
93,wdungate1p@hao123.com,948-826-1439,Wynn,Dungate
31,lfoulcher1q@vk.com,755-342-3059,Lucine,Foulcher
56,erotter1r@washingtonpost.com,663-104-0561,Esme,Rotter
48,wrembrandt1s@jimdo.com,129-893-7643,Wanda,Rembrandt
48,zchrispin1t@reuters.com,234-181-9188,Zack,Chrispin
19,scamellini1u@uol.com.br,773-889-0302,Smith,Camellini
84,darboine1v@sohu.com,729-709-8557,Demott,Arboine
51,tcourt1w@mozilla.org,332-352-1964,Tate,Court
72,rcaselli1x@sakura.ne.jp,339-615-7371,Rufus,Caselli
93,blongworth1y@miibeian.gov.cn,412-611-8505,Basilius,Longworth
75,mborn1z@feedburner.com,251-500-1423,Minna,Born
47,cfeast20@cam.ac.uk,823-884-0156,Courtnay,Feast
17,mtremethack21@surveymonkey.com,779-464-8270,Madelaine,Tremethack
14,mcalleja22@miibeian.gov.cn,174-867-4822,Mandie,Calleja
50,jkerner23@networksolutions.com,225-431-5185,Jayme,Kerner
28,jpinfold24@live.com,729-734-7214,Jesse,Pinfold
2,nmcmurthy25@bbc.co.uk,177-846-5181,Noby,McMurthy
13,odaughtry26@vk.com,857-102-8445,Oliver,Daughtry
32,amayhead27@pcworld.com,263-537-8433,Ahmad,Mayhead
19,gdeclerq28@mozilla.com,739-465-6302,Garfield,de Clerq
76,djaffa29@usda.gov,625-192-0744,Doralyn,Jaffa
18,akitchingham2a@chron.com,967-385-0017,Antonino,Kitchingham
7,aelijah2b@booking.com,100-738-8815,Anneliese,Elijah
92,jhemmingway2c@baidu.com,373-723-2223,Joycelin,Hemmingway
61,ebounds2d@google.de,807-987-3229,Emmery,Bounds
67,tdmiterko2e@examiner.com,157-974-2465,Tull,Dmiterko
94,rwallen2f@mysql.com,838-521-7402,Russ,Wallen
35,wjacques2g@hc360.com,669-728-5560,Wolf,Jacques
80,lbleue2h@liveinternet.ru,781-745-1405,Lawrence,Bleue
80,cslade2i@alibaba.com,649-381-6700,Christian,Slade
39,mtrice2j@t-online.de,920-883-8329,Marieann,Trice
5,zoldland2k@imageshack.us,540-308-1342,Zelda,Oldland
43,twakerley2l@freewebs.com,207-273-5241,Trever,Wakerley
100,emoret2m@loc.gov,180-843-9485,Elyn,Moret
57,lmanneville2n@tinyurl.com,666-479-4048,Lynette,Manneville
92,maugustine2o@zimbio.com,801-273-5701,Maggi,Augustine
45,ftisun2p@goodreads.com,552-156-6917,Fidelia,Tisun
63,ccasolla2q@skype.com,603-639-0223,Caren,Casolla
55,bsmithies2r@facebook.com,728-434-8392,Blithe,Smithies
