creator_id,username,password,date_made,phone_number,email_address,first_name,last_name,card_number,cvv,expiration_date,street,city,state,zip_code
1,ronowlan0,WQRCKrSQK,8/12/2022,215-458-7971,rpinckney0@naver.com,Lizette,Ruby,3575723003460298,971,9/5/2022,Straubel,Philadelphia,Pennsylvania,19136
2,bbedow1,wwBhYAfm,1/11/2023,509-190-5775,bcasine1@theatlantic.com,Abbie,Bonnibelle,3548009314243613,597,7/29/2022,Basil,Yakima,Washington,98907
3,mmyott2,o1Kef7SV82x,5/31/2022,843-865-3961,mwallage2@admin.ch,Calida,Marna,6304905551315591,34,9/11/2022,Lindbergh,Charleston,South Carolina,29403
4,rchallener3,LhIJ7NVP,6/10/2022,617-257-2093,rlook3@taobao.com,Kandace,Rita,4175008343478636,577,8/26/2022,Packers,Newton,Massachusetts,02458
5,nbuyers4,8bqRk3,6/12/2022,772-421-4686,ncoburn4@blogger.com,Martelle,Nani,3584555883989494,846,10/23/2022,Grover,Fort Pierce,Florida,34981
6,gmenzies5,weevjAJXLo4,4/2/2023,412-283-6872,gflemmich5@kickstarter.com,Nelie,Gare,3557873048972484,665,3/17/2023,Heffernan,Pittsburgh,Pennsylvania,15215
7,aklimushev6,fGJWXqA07,5/15/2022,734-365-8211,akornilov6@nbcnews.com,Bobina,Alphonso,3571965276929624,201,5/30/2022,Gulseth,Detroit,Michigan,48206
8,lhutson7,l6m0jd9CCk1,9/6/2022,775-207-3600,ltrobey7@php.net,Alexi,Lelia,5020031283729631315,220,1/5/2023,Vera,Reno,Nevada,89510
9,smacdonogh8,zPfr8fy,9/7/2022,937-959-0486,sfagge8@pbs.org,Ann,Susette,3566204835898790,327,12/14/2022,Vidon,Dayton,Ohio,45454
10,akeasey9,9jvS67nA,1/1/2023,414-781-5574,asilley9@smh.com.au,Darelle,Allys,374288758768047,755,5/14/2022,Arizona,Milwaukee,Wisconsin,53220
11,fkosiadaa,PbWDXuxqdAd,2/14/2023,719-607-5158,fvonhagta@walmart.com,Cedric,Faunie,372301465110288,799,3/10/2023,Hermina,Pueblo,Colorado,81015
12,hsebireb,Sg4XB7j5n8g,6/20/2022,614-410-5169,hgorringeb@weather.com,Urbain,Hartwell,4911115048142802,761,8/17/2022,Gale,Columbus,Ohio,43204
13,mgathc,Ku4COfsQOkRq,3/28/2023,610-192-3311,mparkinc@nationalgeographic.com,Tim,Manon,3550920156528439,346,3/30/2023,Arrowood,Reading,Pennsylvania,19610
14,jpleasaunced,9kUYryDtX,7/18/2022,386-313-8790,jdavinetd@tinypic.com,Sebastian,Justis,3531364956933057,819,4/2/2023,Basil,Daytona Beach,Florida,32123
15,amacronalde,3tt9pQVm,10/18/2022,510-619-2128,aaspinalle@disqus.com,Aldo,Alfie,3528968885663026,363,7/18/2022,Petterle,Richmond,California,94807
16,ccheleyf,er20nfh5XDQP,8/28/2022,215-547-7228,ccollocottf@vistaprint.com,Red,Casar,3584005372874765,463,3/2/2023,Red Cloud,Philadelphia,Pennsylvania,19093
17,nringsg,1QhEkRY,3/17/2023,313-378-8674,nboerderg@reverbnation.com,Richart,Nikolaus,3577557515451264,276,6/5/2022,Fordem,Detroit,Michigan,48224
18,msouzah,k2jTwM,3/14/2023,414-596-0181,mliveingh@chron.com,Marge,Marieann,3589981103612184,800,9/19/2022,Oriole,Milwaukee,Wisconsin,53263
19,jalderwicki,519ewm,10/2/2022,213-748-6251,jmcphillipsi@walmart.com,Merilee,Jasen,201531217801548,971,8/29/2022,Graedel,Los Angeles,California,90081
20,bclemontj,usJDO19WOB,10/5/2022,719-677-9752,bwaudbyj@angelfire.com,Allene,Beilul,3532145550623106,573,11/3/2022,Barby,Colorado Springs,Colorado,80935
21,lpoggk,NTlP3RfI5,7/24/2022,504-765-7916,lbielfeldtk@fotki.com,Levey,Lurlene,3576470252277846,867,2/4/2023,Arapahoe,New Orleans,Louisiana,70116
22,sbuyersl,VZyapfQD01I,7/27/2022,714-799-4053,sdudderidgel@cocolog-nifty.com,Anabelle,Starlin,4017954960282,237,4/3/2023,Stone Corner,San Jose,California,95128
23,jsapshedm,LqbpwmqZ8,7/5/2022,260-704-4273,jeasbiem@cnn.com,Val,Jeno,3557701623660416,765,5/18/2022,Esch,Fort Wayne,Indiana,46896
24,kgosnalln,zB39Bsxb,10/26/2022,714-577-4962,knawtonn@bloomberg.com,Nadia,Keven,5641829798273476,147,5/31/2022,Springs,Fullerton,California,92835
25,cbugdello,QZkI1hR,2/5/2023,813-828-8476,ccaddo@yahoo.co.jp,North,Calvin,337941872101406,286,8/11/2022,Bluestem,Tampa,Florida,33686
26,atabertp,uszk5E2ufRQ,11/18/2022,623-104-1840,amcairtp@xing.com,Lianna,Ava,3543082186298648,469,7/21/2022,Waubesa,Phoenix,Arizona,85035
27,ayeabsleyq,bPBf8rzTs,9/28/2022,864-535-1819,akinsetq@sun.com,Jania,Alexander,3573049034720019,695,4/2/2023,Lindbergh,Spartanburg,South Carolina,29305
28,kbeaner,SyEDUu,3/18/2023,512-389-2669,kwarriorr@pagesperso-orange.fr,Gardner,Kyla,5602255700261564,688,9/21/2022,Steensland,Austin,Texas,78703
29,rallins,elyxXzCW5v,10/15/2022,225-805-9552,rjudges@omniture.com,Griffy,Randie,374622076848075,535,8/10/2022,Northwestern,Baton Rouge,Louisiana,70820
30,amiskt,QiOZ5FgDRYW,8/31/2022,615-509-3632,akencottt@tinyurl.com,Colver,Amii,30349170309491,647,5/8/2022,Nevada,Nashville,Tennessee,37220
31,bgathercoalu,757igIRMc,12/11/2022,718-379-0287,bspacyu@deviantart.com,Gypsy,Barbaraanne,3535971669030306,460,3/7/2023,Jackson,Staten Island,New York,10305
32,ebescobyv,orp5VpebOx,3/31/2023,210-993-2346,eeadyv@walmart.com,Reese,Erasmus,3534124610416809,404,9/28/2022,Annamark,San Antonio,Texas,78210
33,rtraskw,FTJSJtk5q,6/3/2022,775-894-0563,rpancoustw@is.gd,Chrysa,Risa,3550983060770455,261,5/29/2022,Crest Line,Reno,Nevada,89510
34,ftindallx,DLvTNjvB7ns,3/27/2023,515-247-0535,fbugbirdx@ibm.com,Matty,Flora,5108756868585743,376,12/28/2022,Kropf,Des Moines,Iowa,50335
35,mlissemorey,AYi8JPR,9/30/2022,956-288-0173,msmowtony@networksolutions.com,Eartha,Mordecai,58938603075519435,921,11/29/2022,Rigney,Laredo,Texas,78044
36,astockleyz,aErAzmMP,6/19/2022,612-419-6931,arumboldz@hostgator.com,Corbie,Adelheid,337941702302570,426,10/27/2022,Fallview,Minneapolis,Minnesota,55436
37,sewington10,uUcEjSaZi,11/19/2022,336-555-2715,sodulchonta10@taobao.com,Auguste,Sawyer,5602257209433322,53,12/8/2022,2nd,Winston Salem,North Carolina,27157
38,mgilogly11,gjISqac8zMS,3/25/2023,469-865-7429,malsford11@cnn.com,Sallie,Manfred,5048373875330700,484,1/30/2023,Derek,Dallas,Texas,75205
39,egavin12,MDu2XyJ5F,2/22/2023,916-163-5836,eganniclifft12@europa.eu,Pierrette,Erwin,3571766247716060,182,5/31/2022,Dottie,Sacramento,California,94263
40,bhounsham13,qvonNaFFxf,10/1/2022,304-725-2255,bpainter13@gizmodo.com,Kennett,Brendin,5523366364267643,383,7/14/2022,Elgar,Charleston,West Virginia,25313
41,smooney14,CbkSIEHFDx1,10/3/2022,713-333-5287,sgethouse14@disqus.com,Rodge,Shurlocke,630472809605414470,247,7/5/2022,Lien,Houston,Texas,77045
42,dpalser15,WzSzQdz,11/19/2022,203-319-5345,dbratt15@google.de,Nowell,Dacy,3583132648395705,566,12/26/2022,Annamark,Bridgeport,Connecticut,06606
43,ehinstridge16,foWeE8,9/7/2022,803-925-0240,epinckstone16@istockphoto.com,Thalia,Emogene,374622133349992,765,10/14/2022,Arrowood,Columbia,South Carolina,29225
44,smcevon17,4FSWJQGvq,4/12/2023,502-644-5249,sjoyce17@printfriendly.com,Antonina,Seumas,677100481779837448,360,4/27/2022,Arkansas,Louisville,Kentucky,40210
45,edowbekin18,Nc9oM7nRDbl,10/18/2022,205-566-6987,efernley18@apache.org,Johnna,Estrella,374622907282809,534,6/4/2022,Acker,Birmingham,Alabama,35244
46,rdilleway19,fKck3QNuT8,6/16/2022,405-527-6061,rbondar19@cmu.edu,Yolanda,Rodrique,5558314377698097,948,3/5/2023,Paget,Oklahoma City,Oklahoma,73152
47,dwastall1a,59c7orX71e,2/3/2023,512-772-9421,dboog1a@marriott.com,Angeline,Dominga,6759768076133463,437,1/30/2023,Waubesa,Austin,Texas,78783
48,bgaylord1b,sVDdjzSzB,6/5/2022,615-762-6770,bcorsham1b@list-manage.com,Launce,Barb,6763886982860138,324,2/15/2023,Waxwing,Nashville,Tennessee,37210
49,ahusby1c,jnBHSbP,1/26/2023,718-596-2436,anano1c@bloglines.com,Jereme,Anthiathia,3574648959313558,523,3/4/2023,2nd,Jamaica,New York,11480
50,bsamsin1d,gKYUU6,2/6/2023,440-770-3606,bbielfeldt1d@acquirethisname.com,Wake,Betsey,4913817930724005,141,12/2/2022,Buhler,Cleveland,Ohio,44125
51,lburberow1e,QVoKRRNx7F,3/7/2023,210-374-3877,lwilkinson1e@webeden.co.uk,Alla,Lorianne,201735134858271,559,2/3/2023,Jenna,San Antonio,Texas,78291
52,ativnan1f,xZzS4FI,2/11/2023,775-587-4695,afontelles1f@indiatimes.com,Ellyn,Ara,6383299708595352,905,3/15/2023,Armistice,Reno,Nevada,89550
53,vmulrean1g,E8Dn22Bu3SCv,7/3/2022,915-860-8779,vpeck1g@springer.com,Boycie,Vivien,201677468644275,349,11/22/2022,Johnson,El Paso,Texas,79916
54,ibiaggelli1h,Egj360zBnVP,9/17/2022,916-532-9247,idongate1h@topsy.com,Maddy,Iona,3576639912092064,715,4/19/2022,Packers,Sacramento,California,95894
55,ydakhno1i,4WPwLU,3/5/2023,304-817-6385,ywestley1i@ibm.com,Wilek,Yorker,5559404752566719,910,5/15/2022,Waxwing,Huntington,West Virginia,25770
56,rsewart1j,SVRmen,8/23/2022,281-486-1998,ralmeida1j@g.co,Rufe,Raynor,3565608133361833,170,3/20/2023,Mesta,Houston,Texas,77050
57,lcheak1k,epf9J4wjuoK,10/17/2022,520-640-1962,lnutley1k@nationalgeographic.com,Opalina,Lucille,3563227093574640,333,7/7/2022,Burrows,Tucson,Arizona,85705
58,bshatford1l,A5qgfToJED,3/15/2023,423-205-8429,bmemory1l@opera.com,Ariel,Berte,3576639867768379,32,5/21/2022,5th,Chattanooga,Tennessee,37410
59,vbehnke1m,QBVJAFlWh02t,10/2/2022,757-981-4113,vhembrow1m@drupal.org,Jarred,Vonnie,675947187024777484,738,7/2/2022,Glacier Hill,Virginia Beach,Virginia,23459
60,fgoudard1n,gwleMYXnygq,12/28/2022,919-366-9581,fshotton1n@umn.edu,Lucho,Fan,3540676694722792,761,6/25/2022,Hooker,Raleigh,North Carolina,27635
61,eclunie1o,q3cWBa,5/4/2022,480-708-3283,equayle1o@salon.com,Rena,Ethyl,3569806374925011,990,1/2/2023,Meadow Valley,Apache Junction,Arizona,85219
62,cbault1p,pakEOMa,2/9/2023,619-780-2589,cdowthwaite1p@domainmarket.com,Rakel,Clemmy,6759730248341655469,225,5/20/2022,Trailsway,San Diego,California,92165
63,vandraud1q,i66SNbSsFd,5/10/2022,850-884-1089,vsharram1q@baidu.com,Barry,Violet,3549277585618180,291,10/7/2022,Crest Line,Pensacola,Florida,32595
64,etadman1r,tLLlCmAS,6/29/2022,540-595-0701,etanguy1r@soundcloud.com,Orton,Enriqueta,3549291281749793,637,11/20/2022,Namekagon,Roanoke,Virginia,24040
65,dsiddele1s,nFkD0cGjkK,5/17/2022,517-604-2756,dmcgreary1s@bloglovin.com,Elvis,Dian,4913215051296467,773,11/13/2022,Hooker,Lansing,Michigan,48901
66,ioakwood1t,r15Ka25v,5/8/2022,559-943-8666,iwhipple1t@springer.com,Fayette,Inger,5610720311102531,508,2/22/2023,Clove,Fresno,California,93709
67,sfinci1u,0YsFzk0,11/18/2022,309-436-4315,sanfosso1u@google.com.br,Frederique,Sharline,348269302812666,170,7/16/2022,Union,Carol Stream,Illinois,60158
68,mhazeldene1v,oBR1Xcj880,3/18/2023,713-273-8832,mdorricott1v@networksolutions.com,Daveta,Marlie,3587190108000021,508,1/11/2023,Macpherson,Houston,Texas,77271
69,ktweddle1w,hep2UdzP6F4,1/4/2023,240-556-4349,klamswood1w@oakley.com,Mercy,Kilian,5602256828815836,756,9/14/2022,Northport,Silver Spring,Maryland,20918
70,elife1x,QwOt8fec42,3/28/2023,303-392-7021,enarey1x@soundcloud.com,Alf,Erek,3551133292386758,626,10/13/2022,Huxley,Denver,Colorado,80243
71,jhenker1y,dCKaVW,11/4/2022,520-663-2337,jcogar1y@blogs.com,Pen,Jaimie,4913932609624897,946,7/31/2022,Arkansas,Tucson,Arizona,85743
72,jlording1z,Sv3eKD,12/10/2022,936-496-3130,jwhatford1z@tripod.com,Gordan,Jody,3528932854153708,901,11/11/2022,Hoepker,Houston,Texas,77090
73,nantley20,iiOKac,3/23/2023,520-925-4941,nlindell20@homestead.com,Gwennie,Nonnah,3557601567474172,812,1/18/2023,Rieder,Tucson,Arizona,85743
74,nhafford21,yAZRH0ts,1/5/2023,714-627-1475,nfaley21@canalblog.com,Graehme,Nikita,337941812183084,6,10/30/2022,Canary,Fullerton,California,92835
75,pcollumbell22,zuz7Io,11/26/2022,360-717-1209,ptotton22@gizmodo.com,Thaxter,Paxton,3544918531831568,73,12/2/2022,Browning,Vancouver,Washington,98687
76,scapps23,U9nB26FUxvrS,12/11/2022,269-393-6748,scovil23@phoca.cz,Doralia,Sisile,4041376156121,264,7/16/2022,6th,Kalamazoo,Michigan,49006
77,hsawdy24,9aeeVP,9/3/2022,559-262-7836,hmingame24@google.com.br,Carlina,Hamil,374622826510926,215,9/5/2022,Pierstorff,Fresno,California,93786
78,btiplady25,aqyMCZnsBUj,4/17/2022,719-973-9491,bhowkins25@answers.com,Alphard,Bennie,5598017370757552,763,12/6/2022,Lyons,Colorado Springs,Colorado,80920
79,ndebullion26,wScvKCz0yD73,7/2/2022,585-864-3058,natkins26@netlog.com,Charlotte,Nananne,5108752447086436,782,5/4/2022,Swallow,Rochester,New York,14646
80,rguion27,lRqn9q,4/25/2022,814-145-0538,rspilsbury27@wikipedia.org,Edna,Ramsay,4017950349761,778,10/7/2022,Shoshone,Erie,Pennsylvania,16510
81,peberst28,qIOZcdN7Z7,7/26/2022,937-418-7716,psallans28@hexun.com,Binnie,Pip,4936020216924794,161,4/8/2023,Loftsgordon,Springfield,Ohio,45505
82,aepsley29,WC2j12QyV,9/23/2022,605-164-2597,acaseri29@nyu.edu,Mariana,Aubine,347560355541710,480,4/5/2023,Fulton,Sioux Falls,South Dakota,57198
83,asantora2a,r4SfHts2S0P,6/28/2022,410-300-1660,abrigginshaw2a@parallels.com,Tasia,Ashien,630480287693699098,370,3/27/2023,Service,Baltimore,Maryland,21265
84,yguile2b,AiVsaH5OA06,7/4/2022,646-153-3656,ysampson2b@umn.edu,Licha,Yovonnda,30241058840061,995,4/7/2023,Carpenter,New York City,New York,10060
85,csyphas2c,sPp8RUX4nJ7,11/18/2022,805-766-3947,codooley2c@phpbb.com,Lona,Cyrillus,3545743290546697,303,2/4/2023,8th,Bakersfield,California,93311
86,vwestberg2d,Gzz3EpUjfb,1/1/2023,209-357-1767,vmackniely2d@princeton.edu,Cosimo,Vladamir,5100172057570793,299,12/13/2022,Upham,Stockton,California,95205
87,nmccalister2e,QrKRprBQH,4/14/2023,210-338-0673,nneill2e@themeforest.net,Bard,Noreen,3585088985045766,178,2/18/2023,Sunnyside,San Antonio,Texas,78225
88,nhabbert2f,5yH8cgcB,12/21/2022,336-703-4510,norsman2f@ning.com,Aleda,Nicolis,6762140267922887,632,12/5/2022,Corben,Winston Salem,North Carolina,27157
89,mmonroe2g,rKGCEp8SmOMW,5/8/2022,559-258-7924,mclarridge2g@virginia.edu,Seward,Mellisent,5602231380458069,275,3/5/2023,Dorton,Fullerton,California,92640
90,rgreason2h,YD6ohe4Y,1/1/2023,313-953-7252,rtirte2h@creativecommons.org,Clarabelle,Rriocard,374283342468113,372,5/7/2022,Packers,Detroit,Michigan,48267
91,lsmee2i,2U8fmxs8I,1/19/2023,989-452-5506,lmcnirlin2i@webmd.com,Clary,Lynnell,374283414057976,553,6/2/2022,Village,Saginaw,Michigan,48604
92,gwitsey2j,ALIJIGXD3p,7/28/2022,717-881-3092,gbethell2j@youtube.com,Haslett,Giacopo,30288418432733,28,3/3/2023,Monument,Lancaster,Pennsylvania,17605
93,zfowell2k,bjRIRipL,2/28/2023,251-364-3177,zsilson2k@usda.gov,Henka,Zulema,373063409491682,526,6/29/2022,Bartillon,Mobile,Alabama,36616
94,dkamenar2l,650ZSq,3/1/2023,404-579-3270,dchampniss2l@de.vu,Annabella,Doralin,4017950039768,721,11/2/2022,Sycamore,Atlanta,Georgia,31132
95,tliepmann2m,npdyfncpFQM,12/6/2022,510-521-8408,tcrutch2m@mapquest.com,Burr,Tildy,6763516277999875,375,9/6/2022,Aberg,Oakland,California,94627
96,emarin2n,axHTYI,5/18/2022,860-182-7341,ehopewell2n@ftc.gov,Julina,Emmalee,201860606759003,149,6/23/2022,Elgar,Hartford,Connecticut,06140
97,brisborough2o,WkidW55k,12/4/2022,804-353-7338,bskirving2o@linkedin.com,Salli,Bartholomew,63049868727294184,396,2/18/2023,Quincy,Richmond,Virginia,23203
98,mfeatherstonhalgh2p,YbuWcaQor,3/21/2023,717-852-8342,msaltsberger2p@etsy.com,Minnnie,Michaelina,6304525960963821,346,5/16/2022,Hudson,Lancaster,Pennsylvania,17622
99,eannand2q,Zb2VufypcY,2/14/2023,316-112-0751,ebuckberry2q@stumbleupon.com,Laughton,Ebonee,3579139549281302,875,1/23/2023,Namekagon,Wichita,Kansas,67205
100,grumbelow2r,gmBo5bZbJbdU,12/11/2022,904-998-8524,gcarff2r@icio.us,Lorri,Gina,3549025775725855,559,8/10/2022,Mockingbird,Jacksonville,Florida,32259
