episode_number,duration,listens,season_number,episode_name,podcast_name,playlist_name
1,482,2538307,25,Episodeqjmoq,Podcast167,Playlistsbpw9
2,205,9649811,42,Episodeqzmee,Podcast750,PlaylistC8cLv
3,290,4692535,36,Episodeikjwd,Podcast543,PlaylistYXiFD
4,3,3062280,10,Episodevumna,Podcast902,Playlist585Kg
5,488,8662826,49,Episoderkhde,Podcast104,Playlist8lIMy
6,452,8525047,4,Episodeclhgk,Podcast848,Playlist0KwY6
7,95,2446844,1,Episodefitcp,Podcast823,PlaylistFaZK7
8,472,6415269,8,Episodenaiij,Podcast934,PlaylisthhAaY
9,413,647607,19,Episodetgcmo,Podcast935,PlaylistFBme3
10,170,9495095,36,Episodesuzpc,Podcast111,PlaylistthFj7
11,426,3780896,46,Episodeerhan,Podcast372,PlaylistwTi5r
12,294,4812842,20,Episodeofvgd,Podcast284,PlaylistmmAOr
13,172,7216049,37,Episodeweesp,Podcast067,PlaylistjpaLX
14,54,4145020,37,Episodeuzama,Podcast925,PlaylistVcaM7
15,161,6439011,25,Episodekikva,Podcast836,PlaylisthzDnl
16,243,8802658,3,Episodehvhio,Podcast560,Playlist7c7Ns
17,273,1049727,31,Episodeivkct,Podcast327,PlaylistVi0Nc
18,449,974136,46,Episodeixlgw,Podcast507,PlaylistVT6CX
19,400,976511,9,Episodesfyem,Podcast346,PlaylistdZtWF
20,410,4352036,2,Episodewxzzb,Podcast976,Playlist0qknT
21,490,5708351,3,Episodekqufc,Podcast361,PlaylistVmfXs
22,499,7514520,30,Episodefluud,Podcast313,PlaylistX8am2
23,133,3242560,25,Episodelmsvi,Podcast445,PlaylistTcxxH
24,475,7416591,18,Episodeyaomd,Podcast733,PlaylistsffeQ
25,306,7401012,28,Episodeceijt,Podcast319,PlaylistpnP75
26,332,6456891,40,Episodeoetrd,Podcast247,PlaylistGNYof
27,274,28446,25,Episodejgtwc,Podcast432,Playlistsf8YK
28,329,1445584,40,Episodevpflf,Podcast287,PlaylistXb4tp
29,92,6448949,21,Episodezlhxu,Podcast034,PlaylistHVwSn
30,323,8994047,48,Episodejbaii,Podcast330,Playlistr28uC
31,25,6490194,10,Episodehxirk,Podcast794,PlaylistaO7OQ
32,407,4038090,49,Episodefabfm,Podcast194,Playlist8EUEB
33,10,9118291,48,Episodeyzgpy,Podcast574,PlaylistGgVQu
34,375,5020179,42,Episodezmzpr,Podcast542,PlaylistPPLGg
35,361,7762396,7,Episodehlawn,Podcast276,PlaylistrapBR
36,212,1813943,29,Episodeieqsv,Podcast503,PlaylisteTynD
37,120,507296,41,Episodeofitt,Podcast618,Playlist6plHP
38,376,228387,22,Episodesbhcb,Podcast949,Playlist3QBJP
39,452,9063081,11,Episodeigtuf,Podcast515,PlaylisttF42b
40,301,3880191,26,Episodeaxlqx,Podcast834,PlaylistqWOIl
41,66,3776330,37,Episodekeynh,Podcast401,PlaylistP06aT
42,16,1024242,18,Episodeirbsb,Podcast508,PlaylistSAhvC
43,52,3215650,44,Episodegjjhq,Podcast469,PlaylistCX6XA
44,349,4234683,36,Episodessnmf,Podcast969,PlaylistJ53FK
45,206,5656364,45,Episoderxsem,Podcast649,Playlist36Vl3
46,410,9257457,33,Episodehmhcy,Podcast415,PlaylistDngvM
47,159,7633322,31,Episodepilpk,Podcast574,Playlistkw80K
48,156,1333191,24,Episodeikgmw,Podcast560,PlaylistVFE57
49,5,2885771,15,Episodevwhsp,Podcast639,PlaylistNZA0w
50,353,7917037,35,Episodebyqna,Podcast789,PlaylistTkFC2
51,315,5823350,50,Episodexsdyw,Podcast934,PlaylistP2q42
52,25,971413,22,Episodeaheph,Podcast113,Playlist5OHUb
53,419,226217,25,Episoderegmt,Podcast855,PlaylistqMpCX
54,87,559341,9,Episodejwytw,Podcast928,Playlist5QDn0
55,35,3626467,41,Episodejrqwe,Podcast317,PlaylistK4vfC
56,436,8238663,44,Episodeiggpr,Podcast577,PlaylistOTKkA
57,112,1574499,37,Episodegglae,Podcast958,PlaylistXlZ5P
58,358,9317866,47,Episodefawjm,Podcast642,PlaylistNIolh
59,385,5674338,11,Episodezdvbp,Podcast473,PlaylistVFkDO
60,100,9914380,33,Episodevflxr,Podcast771,PlaylistEAqE1
61,75,8501125,14,Episodeguyab,Podcast956,PlaylistI2YbR
62,185,9735112,23,Episodecytom,Podcast422,PlaylistE8wIv
63,385,8083710,3,Episodexwprg,Podcast022,PlaylistSdsUM
64,205,810577,1,Episodevrlhh,Podcast143,PlaylisthNql9
65,317,9606745,48,Episodesddan,Podcast238,Playlistc16OF
66,139,7236430,12,Episodelefhb,Podcast965,PlaylistnpLN5
67,326,8696149,26,Episodesfkzd,Podcast475,PlaylistH3cxz
68,246,731327,26,Episoderixwt,Podcast252,PlaylistVALsv
69,311,6366000,48,Episodewzpcx,Podcast395,Playlistzsq0q
70,113,2280060,25,Episodexlpor,Podcast336,PlaylistQ43ff
71,313,8662929,44,Episodefcxvi,Podcast469,Playlist3HNVP
72,343,2799482,9,Episodeuzpvc,Podcast689,PlaylistqRxVz
73,385,3918890,25,Episodehrhwf,Podcast796,PlaylistmspEG
74,456,1348688,25,Episodenzwmt,Podcast222,PlaylistLJJ62
75,284,2906726,18,Episodepcfnw,Podcast466,PlaylistAXCBo
76,296,8073367,38,Episoderdzcn,Podcast638,Playlist8E1zE
77,84,8192121,14,Episodeknmyh,Podcast494,PlaylistlrSeU
78,345,8766136,13,Episodejwqmx,Podcast546,PlaylistDgzUD
79,211,678587,48,Episodeafxdc,Podcast130,Playlistsa8PB
80,349,6596810,17,Episodefwnlh,Podcast433,PlaylistNMUu7
81,335,3904500,15,Episodexiacl,Podcast483,PlaylistZkr22
82,83,3983198,14,Episodegklpr,Podcast356,Playlistg9j9F
83,69,7363085,23,Episodeddcwf,Podcast798,PlaylistcFPuV
84,248,6833555,21,Episodeqnaco,Podcast989,Playlist2m9eI
85,131,568832,24,Episodeeqhdf,Podcast025,PlaylisthcfzL
86,482,7189392,44,Episodeurjzo,Podcast935,PlaylisttwFrz
87,54,6343690,32,Episodexmlkb,Podcast400,PlaylistGTfxB
88,176,4633954,18,Episodehampw,Podcast367,PlaylistmSX1a
89,372,6473764,41,Episodeutwqg,Podcast889,Playlistlb54d
90,440,2343514,43,Episodeniwhz,Podcast167,Playlistr8DaR
91,179,3990388,19,Episodepdehv,Podcast429,PlaylistCZRkb
92,239,3772476,7,Episodeyrbto,Podcast882,PlaylistdFX7o
93,339,6084118,30,Episodeexjgs,Podcast308,Playlistg209D
94,179,9692600,4,Episodemcoqy,Podcast753,PlaylistaKtLA
95,405,114220,29,Episodegsiog,Podcast868,PlaylistWThIY
96,241,9576202,37,Episodeztsvb,Podcast341,Playlist75xUf
97,125,5685097,36,Episodepnwgl,Podcast297,PlaylistuR7kg
98,177,6288911,30,Episodehtkfs,Podcast028,Playlist5dzlH
99,149,4188833,48,Episodetyawx,Podcast638,PlaylistgnvYl
100,223,8036660,24,Episodeyuzke,Podcast819,PlaylistrgTQy
