user_id,username,password,date_made,phone_number,first_name,last_name,card_number,cvv,expiration_date,street,city,state,zip_code
1,jraubenheimer0,dThYC4CutNXm,2/24/2023,904-428-4017,Florry,Janelle,5007666121573372,648,2/19/2023,Comanche,Saint Augustine,Florida,32092
2,jmetcalfe1,NUV7RZ1yw,8/31/2022,302-807-9501,Olimpia,Jens,3555318191750941,668,11/22/2022,Aberg,Wilmington,Delaware,19810
3,bbirds2,OlUkF5pg7,10/9/2022,313-208-3661,Gris,Blakeley,3543131068293613,556,8/14/2022,Pankratz,Detroit,Michigan,48224
4,mharriss3,x2jwCUReeJ,7/23/2022,217-922-5785,Koren,Mart,3586248833128466,160,10/26/2022,Browning,Springfield,Illinois,62794
5,gbarkas4,f3GXiuQd,2/26/2023,303-252-6435,Claiborne,Giovanna,201582481338295,406,11/7/2022,Northridge,Boulder,Colorado,80310
6,aletson5,es7TamUid,6/8/2022,832-537-5154,Karia,Algernon,564182216450088494,155,2/3/2023,Tomscot,Houston,Texas,77266
7,ldebellis6,kHgWCD72s5n,11/22/2022,217-535-1545,Jess,Lulu,63044779162488105,260,7/12/2022,Dottie,Springfield,Illinois,62723
8,cgladyer7,FH1Lpgj7Ddd,5/25/2022,412-843-8324,Trixie,Camilla,5641823096253318181,895,7/8/2022,Hagan,Mc Keesport,Pennsylvania,15134
9,agideon8,qGXVfb,12/15/2022,559-698-0659,Phyllis,Amity,6385536999376796,350,5/15/2022,Bellgrove,Fresno,California,93750
10,kcurran9,BK7il3nap2Kj,2/11/2023,915-593-0377,Alfredo,Kristo,6333168020420451,796,3/16/2023,Hagan,El Paso,Texas,88589
11,plefevrea,D88ZNOCCOR,3/5/2023,423-987-8914,Gerladina,Pall,67631433363256966,314,1/26/2023,Service,Chattanooga,Tennessee,37410
12,alehrahanb,Rafo1jE,7/12/2022,817-187-2970,Lindy,Ailee,3543635235600260,1,11/15/2022,Thierer,Fort Worth,Texas,76129
13,cadiscotc,2ntFt1p75,11/3/2022,571-514-8635,Allina,Cart,3552618455760616,735,5/26/2022,Northview,Fairfax,Virginia,22036
14,sbolesd,tl13Em0ay4EZ,9/25/2022,520-593-1055,Thatch,Say,564182039262051280,331,2/28/2023,Declaration,Tucson,Arizona,85720
15,sbudnke,Eez59eI,10/25/2022,310-935-8545,Klement,Sabina,3543018108348988,251,6/27/2022,Vernon,Inglewood,California,90310
16,pmoutonf,d57gtXZ2O4,7/18/2022,239-256-7861,Maggi,Paul,5195201544535857,797,11/18/2022,Claremont,Fort Myers,Florida,33994
17,jdurradg,QkWBxwJN3M,3/14/2023,305-509-8207,Jeffie,Jordan,3547517514912101,35,12/31/2022,Hoepker,Hialeah,Florida,33018
18,chanveyh,vLyefqp6Uq,7/3/2022,952-401-9017,Giacobo,Con,3558122239314398,776,12/14/2022,Darwin,Young America,Minnesota,55557
19,bdutsoni,O7baipPz7L,10/22/2022,904-545-7544,Bordie,Bobinette,3587930430665789,81,4/4/2023,Straubel,Jacksonville,Florida,32277
20,dmccrawj,kPsy2ybcb1,10/25/2022,804-372-9537,Bat,Daffi,5602246942596891,567,10/13/2022,Clarendon,Richmond,Virginia,23293
21,csimonittok,ezt7C49VtC3F,7/4/2022,210-574-6220,Mile,Cthrine,3552501298747901,33,3/12/2023,Kim,San Antonio,Texas,78205
22,bimlachl,kgvGNV5O5VVI,7/12/2022,785-182-4265,Neall,Brigit,3566442966633392,726,6/25/2022,Reinke,Topeka,Kansas,66622
23,dmiddism,V0rcih,12/21/2022,904-675-7607,Margaux,Delmer,5108757883330321,853,5/30/2022,Springview,Jacksonville,Florida,32244
24,jpitmann,TCRLZvqu3l,1/2/2023,504-431-2863,Anna-diana,Josh,3577073125870786,18,10/17/2022,Bellgrove,New Orleans,Louisiana,70179
25,tdavidsohno,bLkYDY11XS,3/27/2023,504-677-7057,Bunni,Tori,6380920897822082,544,3/7/2023,Farragut,New Orleans,Louisiana,70179
26,ngilmartinp,ld4JKmqG6L0j,2/9/2023,402-466-8441,Ellary,Nap,3579059658193157,248,10/9/2022,Fallview,Omaha,Nebraska,68110
27,cpretselq,d1db53,9/12/2022,406-648-5318,Archibold,Chrysa,560225104304735337,262,12/16/2022,Lukken,Bozeman,Montana,59771
28,gfortyer,0pll0QXwRNgu,8/17/2022,786-400-8145,Teddie,Gussy,4026777211719633,895,1/24/2023,Arapahoe,Miami,Florida,33134
29,bglanderss,PP4PoZF,5/30/2022,314-807-5385,Mathew,Burt,3535319723153773,277,3/5/2023,Comanche,Saint Louis,Missouri,63196
30,sjoslint,3g4USKDU7,11/21/2022,469-958-3471,Lillis,Sergeant,30408371137737,745,4/23/2022,Oneill,Garland,Texas,75044
31,tdibiasiou,l7tnoYD7t,1/3/2023,281-983-4661,Steffen,Tanhya,6763143415886854,583,4/17/2022,Forster,Houston,Texas,77025
32,baustinsv,ryscPKBKM,8/22/2022,570-838-7852,Therine,Brendan,3545095355950540,183,5/14/2022,Clyde Gallagher,Scranton,Pennsylvania,18505
33,hkirkbrightw,mJRZ5jC,2/10/2023,574-458-5577,Ransom,Harv,5602210227190457,620,10/27/2022,Manitowish,South Bend,Indiana,46699
34,ztembyx,rFTBuMF,10/13/2022,614-487-0943,Evy,Zorah,5409209819032783,994,2/20/2023,Debs,Columbus,Ohio,43220
35,tyitzowitzy,3yLolS2pTVW,12/22/2022,518-455-5189,Billie,Thorn,3589180427911741,624,4/17/2022,Eastlawn,Schenectady,New York,12305
36,anaptonz,KS6tUKa,4/17/2022,214-294-1853,Sherye,Ashla,36150375293652,412,1/19/2023,Victoria,Plano,Texas,75074
37,aalliot10,iIR6WL,2/27/2023,702-138-6104,Karen,Aleksandr,5020798588513584238,800,1/19/2023,Linden,Las Vegas,Nevada,89178
38,vtremain11,ykFuw4ZmCEX,9/15/2022,419-150-6935,Care,Vincenz,3588146804933575,88,7/22/2022,Mallory,Lima,Ohio,45807
39,mpauley12,VdcuH4,10/8/2022,616-474-8805,Richy,Meagan,6333142327387253060,399,7/3/2022,Rigney,Grand Rapids,Michigan,49544
40,mmoens13,H0UDcGUMI,9/1/2022,941-155-6884,Sarajane,Marthena,3584080397892894,623,12/15/2022,Sheridan,North Port,Florida,34290
41,estuckow14,zUJAxeEq,10/3/2022,850-357-6115,Windy,Emelia,4508321379987745,392,4/18/2022,Forest Dale,Pinellas Park,Florida,34665
42,tcoghlan15,Cd6SeiL4,12/17/2022,207-633-4578,Gard,Tymothy,67630079094630960,678,11/17/2022,Summit,Portland,Maine,04109
43,gschulkins16,zGqQBOe4y,9/2/2022,214-691-3943,Maurise,Gal,30224046239083,93,6/9/2022,Hauk,Dallas,Texas,75353
44,arosita17,JL4IgKPRK7oz,6/20/2022,405-789-6855,Antoinette,Arney,5100174574060431,31,1/12/2023,West,Oklahoma City,Oklahoma,73157
45,dboland18,c8enWlqt,3/3/2023,303-938-8779,Pammie,Dewitt,3544739964463541,591,4/23/2022,Cottonwood,Denver,Colorado,80262
46,emillins19,omN0Ue2,10/19/2022,240-956-1807,Loydie,Edsel,3550219393237189,338,7/5/2022,Meadow Ridge,Silver Spring,Maryland,20918
47,bbarmby1a,EJe6P44m4aU,2/5/2023,505-677-7331,Clayton,Biron,3559601958728689,552,10/5/2022,Calypso,Albuquerque,New Mexico,87105
48,ewaldram1b,zu0FuQ,7/14/2022,704-734-1374,Chrissie,Emmet,5018762598132801885,192,6/18/2022,Porter,Gastonia,North Carolina,28055
49,tcronkshaw1c,6ciFYjUf6,4/14/2023,757-971-2615,Major,Tracee,4596876280390,764,2/23/2023,Union,Herndon,Virginia,22070
50,dferrarin1d,48i8gb,6/1/2022,713-235-3982,Muire,Dian,564182862587736354,112,8/1/2022,Anthes,Houston,Texas,77030
51,mbarnfather1e,hkhb2An9,7/3/2022,309-951-6886,Didi,Minne,4405237543270319,452,9/2/2022,Mitchell,Peoria,Illinois,61614
52,rrobley1f,K2CUaxqO5MV,5/1/2022,402-184-0287,Beverie,Rudyard,374283084754019,87,2/26/2023,7th,Omaha,Nebraska,68117
53,bharower1g,O9Jtvv2,12/16/2022,770-309-6853,Cletus,Bryce,30317291095976,253,1/26/2023,Dixon,Marietta,Georgia,30061
54,llesaunier1h,5d2EKhbkGtFj,1/28/2023,512-480-1252,Reid,Lee,5423781109592322,538,3/9/2023,Pearson,Austin,Texas,78721
55,dorhtmann1i,RSqAoTYAag1,2/11/2023,334-125-8474,Fleming,Delmar,560221191457087438,541,4/22/2022,Union,Montgomery,Alabama,36109
56,cspring1j,4eFVIDjM,6/20/2022,407-205-6844,Olivia,Constantia,3579680811121999,495,6/18/2022,Riverside,Orlando,Florida,32808
57,aangliss1k,QEKdbsB,12/18/2022,605-640-4998,Archibold,Agathe,4175009415116203,911,5/7/2022,Esker,Sioux Falls,South Dakota,57188
58,eshrigley1l,0yERjI5,5/30/2022,405-939-7315,Leora,Em,201600916112570,482,8/6/2022,Golf Course,Oklahoma City,Oklahoma,73142
59,adossantos1m,ovfVzp46,8/16/2022,202-257-5214,Sawyer,Auberta,3554734907564411,940,1/4/2023,Oak,Washington,District of Columbia,20551
60,leadington1n,x98xS2aE0UI,3/25/2023,504-934-0565,Casey,Lynnelle,3559970203606341,283,6/25/2022,Browning,New Orleans,Louisiana,70129
61,tcarlucci1o,whkeHhF7oWt,10/5/2022,915-320-4322,Rory,Tobe,6767060859229594720,655,9/9/2022,Carberry,El Paso,Texas,79911
62,mslemmonds1p,uRxtgoE7k2W,1/21/2023,661-435-9858,Yetty,Margette,6761032811115673,543,2/13/2023,Spohn,Bakersfield,California,93311
63,reckford1q,pD8KkNSDaPe,4/27/2022,859-257-2441,Jessalyn,Regen,3541293545764871,96,1/4/2023,Kings,Lexington,Kentucky,40586
64,schaudret1r,GwrXVUr5,6/1/2022,239-499-0907,Lauraine,Silvano,30337857411839,935,1/17/2023,Randy,Fort Myers,Florida,33906
65,iritson1s,fLn2MNmSxJAz,8/21/2022,918-831-5894,Dag,Iosep,5018396368865086,34,7/29/2022,Ronald Regan,Tulsa,Oklahoma,74141
66,kbynold1t,L9sUm0n5F,5/25/2022,937-957-7360,Cymbre,Krispin,3540789344041081,475,9/6/2022,Macpherson,Dayton,Ohio,45470
67,gmcguiney1u,G4AB6h,12/15/2022,509-570-6255,Osborne,Gipsy,3570487621922981,88,12/26/2022,Monument,Spokane,Washington,99205
68,mfarbrace1v,WSiJMl,8/2/2022,213-619-8211,Josefina,Margaretta,5602239351428912,546,2/25/2023,Cambridge,Los Angeles,California,90055
69,cbengtson1w,IIdjADG,10/14/2022,719-653-2761,Marsiella,Callean,633396109652881292,773,9/4/2022,Loeprich,Colorado Springs,Colorado,80951
70,rpapez1x,E4wKHh,8/16/2022,719-780-4048,Louisa,Roselle,5518432788852639,260,6/9/2022,South,Denver,Colorado,80209
71,nmackney1y,RIpWS1o,1/18/2023,502-843-1214,Flossy,Niels,3566490190917172,110,4/21/2022,Butterfield,Louisville,Kentucky,40205
72,chambers1z,e14d7F,1/13/2023,845-255-7013,Cris,Corny,4041376400248,248,7/2/2022,Jenifer,White Plains,New York,10633
73,cdengate20,8fEKQ5rl,6/24/2022,217-713-7951,Beth,Charlotta,4041598120145,274,3/31/2023,Buell,Champaign,Illinois,61825
74,bsarjeant21,v6hionT,12/8/2022,904-335-3797,Jennifer,Bernadene,4026194031152948,176,1/13/2023,Morrow,Jacksonville,Florida,32204
75,dhrinishin22,7Cw0aRFODK,9/5/2022,801-114-9717,Cordie,Derwin,3579252367569631,623,12/2/2022,Melody,Salt Lake City,Utah,84199
76,jwildt23,t6qulQtM42,2/17/2023,609-650-5537,Gael,Jaquenetta,6767662205155549,575,4/25/2022,Daystar,Trenton,New Jersey,08638
77,emoran24,SDUANHTC86QB,12/1/2022,719-396-3916,Rosco,Elwira,5490626190073294,657,2/26/2023,Texas,Colorado Springs,Colorado,80940
78,uthursfield25,nRhu2Vd,12/26/2022,804-736-0004,Brod,Ulysses,3530343108590974,936,6/24/2022,Barnett,Richmond,Virginia,23260
79,cmceachern26,LbdmGK,3/2/2023,540-202-9234,Law,Crichton,201862443793716,132,1/3/2023,Derek,Roanoke,Virginia,24004
80,ccolbourne27,9R3XPow1RmLF,6/26/2022,508-145-4900,Glynda,Clyve,50383474989314983,898,5/30/2022,Ramsey,New Bedford,Massachusetts,02745
81,agate28,TekB48D1I,4/14/2023,651-542-6168,Delmar,Avie,3577124109448253,675,3/14/2023,Center,Saint Paul,Minnesota,55108
82,dmerrill29,tYUpBG52,6/16/2022,504-394-0424,Carney,Darcey,6759199785801536261,69,3/24/2023,Kipling,Metairie,Louisiana,70005
83,ncudiff2a,NfRIKG1,1/8/2023,828-144-5688,Wolfy,Niall,3557803769038371,408,4/14/2023,Elmside,Asheville,North Carolina,28805
84,fcicerone2b,AsczIfxfc0jf,3/1/2023,254-483-5193,Saxe,Fletcher,630427386958269757,97,2/13/2023,Sommers,Gatesville,Texas,76598
85,afeatherbie2c,e7rixn5tqEWA,11/6/2022,713-860-2146,Natka,Aila,67633196660446345,790,4/30/2022,Truax,Houston,Texas,77260
86,bhaberfield2d,lRoRLtRWzL,10/22/2022,612-746-1038,Elnore,Bobinette,5214938719296347,302,9/15/2022,Forest Dale,Minneapolis,Minnesota,55480
87,mgypps2e,zIXJ43z,10/18/2022,228-106-8616,Kerwinn,Mathe,3534509582129747,243,9/4/2022,Sunfield,Gulfport,Mississippi,39505
88,abinch2f,3J35Fq,6/30/2022,305-133-8224,Washington,Alfy,4175008619471315,456,1/2/2023,Macpherson,Miami,Florida,33190
89,amiddleditch2g,0aBcyylRsqik,8/16/2022,360-971-6764,Lynnell,Alden,6378464903602950,781,4/1/2023,Merchant,Vancouver,Washington,98664
90,srittelmeyer2h,jBl9J8c,3/24/2023,406-101-7825,Melissa,Sherlock,4175000755078822,370,2/23/2023,Jay,Bozeman,Montana,59771
91,cmacconnal2i,eanbGS4Z89Gn,11/23/2022,713-381-5459,Napoleon,Chandler,3569155411978892,441,8/3/2022,Anthes,Houston,Texas,77228
92,callnutt2j,nWxEjlzhDyAz,9/12/2022,786-273-4427,Rosemarie,Chrysa,3530764004331595,7,8/23/2022,Linden,Miami,Florida,33190
93,goxbury2k,hV0puODhy,9/7/2022,208-752-2663,Leola,Guendolen,30276266628320,348,8/7/2022,Nova,Boise,Idaho,83727
94,itomaszynski2l,Vxf1EzP,1/16/2023,201-653-2571,Felicdad,Isaiah,5500392626987601,479,2/21/2023,Northwestern,Jersey City,New Jersey,07305
95,syellep2m,kgaf08GJh,12/21/2022,213-173-0849,Jereme,Salaidh,5602256108341966,986,1/5/2023,Mcguire,Los Angeles,California,90101
96,rwatkiss2n,ixjqllXdB,6/21/2022,419-723-8116,Sonnie,Raymund,3547930163964341,383,4/27/2022,Dryden,Toledo,Ohio,43605
97,gstrauss2o,kMtOp5,7/16/2022,863-875-0405,Garek,Geoffry,633110223405538615,829,11/24/2022,Katie,Lehigh Acres,Florida,33972
98,abosward2p,Pa9lHcHPyYhb,9/28/2022,404-987-5663,Eddie,Alberta,5007666612287755,290,2/12/2023,Prairieview,Atlanta,Georgia,31196
99,aebbutt2q,21uYrFFfmAGQ,6/17/2022,816-115-2312,Clio,Amber,6374715920361167,448,2/9/2023,Erie,Kansas City,Missouri,64187
100,chawkswell2r,z4rBQU6ead,12/26/2022,205-965-8620,Cookie,Christye,3546670947341843,75,4/8/2023,Manufacturers,Birmingham,Alabama,35295
